Workbook

Sheet NiCOlit
B1: substrate | C1: eq_substrate | D1: effective_coupling_partner | E1: eq_coupling_partner | F1: pre_catalyst | G1: eq_catalyst | H1: solvent | I1: effective_reagents | J1: eq_reagent | K1: effective_ligand | L1: eq_ligand | M1: temperature | N1: time | O1: product | P1: doi | Q1: yield
A2: 0 | B2: COc1ccc2ccccc2c1 | C2: 1 | D2: [Li]c1ccccc1 | E2: 1.5 | F2: C1CC=CCCC=C1->[Ni]<-C2=CCCC=CCC2 | G2: 0.05 | H2: c1ccccc1C | I2: blank_cell | J2: 0 | K2: blank_cell | L2: 0 | M2: 25 | N2: 12 | O2: c3ccc(c2ccc1ccccc1c2)cc3 | P2: =VLOOKUP(A2,all_NiCOlit!A:B,2,TRUE) -> https://doi.org/10.1002/chem.201603436 | Q2: 73
A3: 1 | B3: COc1ccc2ccccc2c1 | C3: 1 | D3: [Li]c1ccccc1 | E3: 1.5 | F3: C1CC=CCCC=C1->[Ni]<-C2=CCCC=CCC2 | G3: 0.05 | H3: c1ccccc1C | I3: blank_cell | J3: 0 | K3: C1CCC(P(C2CCCCC2)C2CCCCC2)CC1 | L3: 0.1 | M3: 25 | N3: 12 | O3: c3ccc(c2ccc1ccccc1c2)cc3 | P3: =VLOOKUP(A3,all_NiCOlit!A:B,2,TRUE) -> https://doi.org/10.1002/chem.201603436 | Q3: 62
A4: 2 | B4: COc1ccc2ccccc2c1 | C4: 1 | D4: [Li]c1ccccc1 | E4: 1.5 | F4: C1CC=CCCC=C1->[Ni]<-C2=CCCC=CCC2 | G4: 0.05 | H4: c1ccccc1C | I4: blank_cell | J4: 0 | K4: C1CCC(P(CCP(C2CCCCC2)C2CCCCC2)C2CCCCC2)CC1 | L4: 0.1 | M4: 25 | N4: 12 | O4: c3ccc(c2ccc1ccccc1c2)cc3 | P4: =VLOOKUP(A4,all_NiCOlit!A:B,2,TRUE) -> https://doi.org/10.1002/chem.201603436 | Q4: 0
A5: 3 | B5: COc1ccc2ccccc2c1 | C5: 1 | D5: [Li]c1ccccc1 | E5: 1.5 | F5: C1CC=CCCC=C1->[Ni]<-C2=CCCC=CCC2 | G5: 0.05 | H5: c1ccccc1C | I5: blank_cell | J5: 0 | K5: CC(C)(C)N1[C]N(C(C)(C)C)C=C1 | L5: 0.1 | M5: 25 | N5: 12 | O5: c3ccc(c2ccc1ccccc1c2)cc3 | P5: =VLOOKUP(A5,all_NiCOlit!A:B,2,TRUE) -> https://doi.org/10.1002/chem.201603436 | Q5: 76
A6: 4 | B6: COc1ccc2ccccc2c1 | C6: 1 | D6: [Li]c1ccccc1 | E6: 1.5 | F6: C1CC=CCCC=C1->[Ni]<-C2=CCCC=CCC2 | G6: 0.05 | H6: c1ccccc1C | I6: blank_cell | J6: 0 | K6: [C]1N(C2CCCCC2)C=CN1C1CCCCC1 | L6: 0.1 | M6: 25 | N6: 12 | O6: c3ccc(c2ccc1ccccc1c2)cc3 | P6: =VLOOKUP(A6,all_NiCOlit!A:B,2,TRUE) -> https://doi.org/10.1002/chem.201603436 | Q6: 66
A7: 5 | B7: COc1ccc2ccccc2c1 | C7: 1 | D7: [Li]c1ccccc1 | E7: 1.5 | F7: C1CC=CCCC=C1->[Ni]<-C2=CCCC=CCC2 | G7: 0.05 | H7: c1ccccc1C | I7: blank_cell | J7: 0 | K7: CC(C)c1cccc(C(C)C)c1N1[C]N(c2c(C(C)C)cccc2C(C)C)C=C1 | L7: 0.1 | M7: 25 | N7: 12 | O7: c3ccc(c2ccc1ccccc1c2)cc3 | P7: =VLOOKUP(A7,all_NiCOlit!A:B,2,TRUE) -> https://doi.org/10.1002/chem.201603436 | Q7: 72
A8: 6 | B8: COc1ccc2ccccc2c1 | C8: 1 | D8: [Li]c1ccccc1 | E8: 1.5 | F8: C1CC=CCCC=C1->[Ni]<-C2=CCCC=CCC2 | G8: 0.05 | H8: c1ccccc1C | I8: blank_cell | J8: 0 | K8: Cc1cc(C)c(N2[C]N(c3c(C)cc(C)cc3C)C=C2)c(C)c1 | L8: 0.1 | M8: 25 | N8: 12 | O8: c3ccc(c2ccc1ccccc1c2)cc3 | P8: =VLOOKUP(A8,all_NiCOlit!A:B,2,TRUE) -> https://doi.org/10.1002/chem.201603436 | Q8: 72
A9: 7 | B9: COc1ccc2ccccc2c1 | C9: 1 | D9: [Li]c1ccccc1 | E9: 1.5 | F9: C1CC=CCCC=C1->[Ni]<-C2=CCCC=CCC2 | G9: 0.05 | H9: c1ccccc1C | I9: blank_cell | J9: 0 | K9: CC(C)c1cccc(C(C)C)c1N1[C]N(c2c(C(C)C)cccc2C(C)C)CC1 | L9: 0.1 | M9: 25 | N9: 12 | O9: c3ccc(c2ccc1ccccc1c2)cc3 | P9: =VLOOKUP(A9,all_NiCOlit!A:B,2,TRUE) -> https://doi.org/10.1002/chem.201603436 | Q9: 71
A10: 8 | B10: COc1ccc2ccccc2c1 | C10: 1 | D10: [Li]c1ccccc1 | E10: 1.5 | F10: C1CC=CCCC=C1->[Ni]<-C2=CCCC=CCC2 | G10: 0.05 | H10: c1ccccc1C | I10: blank_cell | J10: 0 | K10: Cc1cc(C)c(N2[C]N(c3c(C)cc(C)cc3C)CC2)c(C)c1 | L10: 0.1 | M10: 25 | N10: 12 | O10: c3ccc(c2ccc1ccccc1c2)cc3 | P10: =VLOOKUP(A10,all_NiCOlit!A:B,2,TRUE) -> https://doi.org/10.1002/chem.201603436 | Q10: 86
A11: 9 | B11: COc1ccc2ccccc2c1 | C11: 1 | D11: [Li]c1ccccc1 | E11: 1.5 | F11: C1CC=CCCC=C1->[Ni]<-C2=CCCC=CCC2 | G11: 0.05 | H11: CCOCC | I11: blank_cell | J11: 0 | K11: Cc1cc(C)c(N2[C]N(c3c(C)cc(C)cc3C)CC2)c(C)c1 | L11: 0.1 | M11: 25 | N11: 12 | O11: c3ccc(c2ccc1ccccc1c2)cc3 | P11: =VLOOKUP(A11,all_NiCOlit!A:B,2,TRUE) -> https://doi.org/10.1002/chem.201603436 | Q11: 70
A12: 10 | B12: COc1ccc2ccccc2c1 | C12: 1 | D12: [Li]c1ccccc1 | E12: 1.5 | F12: C1CC=CCCC=C1->[Ni]<-C2=CCCC=CCC2 | G12: 0.05 | H12: C1OCCC1 | I12: blank_cell | J12: 0 | K12: Cc1cc(C)c(N2[C]N(c3c(C)cc(C)cc3C)CC2)c(C)c1 | L12: 0.1 | M12: 25 | N12: 12 | O12: c3ccc(c2ccc1ccccc1c2)cc3 | P12: =VLOOKUP(A12,all_NiCOlit!A:B,2,TRUE) -> https://doi.org/10.1002/chem.201603436 | Q12: 6
A13: 11 | B13: COc1ccc2ccccc2c1 | C13: 1 | D13: [Li]c1ccccc1 | E13: 1.5 | F13: C1CC=CCCC=C1->[Ni]<-C2=CCCC=CCC2 | G13: 0.02 | H13: c1ccccc1C | I13: blank_cell | J13: 0 | K13: Cc1cc(C)c(N2[C]N(c3c(C)cc(C)cc3C)CC2)c(C)c1 | L13: 0.04 | M13: 25 | N13: 12 | O13: c3ccc(c2ccc1ccccc1c2)cc3 | P13: =VLOOKUP(A13,all_NiCOlit!A:B,2,TRUE) -> https://doi.org/10.1002/chem.201603436 | Q13: 69
... A1805: 2002 | B1805: COc2ccc1ccccc1c2 | C1805: 1 | D1805: CCCCB1OCC(C)(C)CO1 | E1805: 1.5 | F1805: C1CC=CCCC=C1->[Ni]<-C2=CCCC=CCC2 | G1805: 0.1 | H1805: c1ccccc1C | I1805: CC(C)(C)[O-].[Al+3].[O-]C(C)(C)C.[O-]C(C)(C)C | J1805: 0.2 | K1805: C1CCC(P(C2CCCCC2)C2CCCCC2)CC1 | L1805: 0.4 | M1805: 120 | N1805: 3 | O1805: CCCCc2ccc1ccccc1c2 | P1805: =VLOOKUP(A1805,all_NiCOlit!A:B,2,TRUE) -> Thèse | Q1805: 0

Sheet all_NiCOlit
A1: index | B1: DOI | C1: substrate | D1: coupling_partner | E1: effective_coupling_partner | F1: solvent | G1: time | H1: temperature | I1: catalyst_precursor | J1: reagents | K1: effective_reagents | L1: effective_reagents_covalent | M1: reductant | N1: ligand | O1: effective_ligand | P1: product | Q1: analytical_yield | R1: isolated_yield | S1: coupling_partner_class | T1: origin | U1: eq_substrate | V1: eq_coupling_partner | W1: eq_catalyst | X1: eq_ligand | Y1: eq_reagent | Z1: 2_steps | AA1: scheme_table | AB1: review | AC1: Mechanism
A2: 0 | B2: https://doi.org/10.1002/chem.201603436 | C2: COc1ccc2ccccc2c1 | D2: [Li]c1ccccc1 | E2: [Li]c1ccccc1 | F2: toluene | G2: 12h | H2: rt | I2: Ni(cod)2 | P2: c3ccc(c2ccc1ccccc1c2)cc3 | Q2: 73 | S2: Li | T2: Optimisation | U2: 1 | V2: 1.5 | W2: 0.05 | X2: 0 | Y2: 0 | AA2: Table 1 | AB2: Research_Article | AC2: Murahashi
A3: 1 | B3: https://doi.org/10.1002/chem.201603436 | C3: COc1ccc2ccccc2c1 | D3: [Li]c1ccccc1 | E3: [Li]c1ccccc1 | F3: toluene | G3: 12h | H3: rt | I3: Ni(cod)2 | N3: PCy3 | O3: PCy3 | P3: c3ccc(c2ccc1ccccc1c2)cc3 | Q3: 62 | S3: Li | T3: Optimisation | U3: 1 | V3: 1.5 | W3: 0.05 | X3: 0.1 | Y3: 0 | AA3: Table 1 | AB3: Research_Article | AC3: Murahashi
A4: 2 | B4: https://doi.org/10.1002/chem.201603436 | C4: COc1ccc2ccccc2c1 | D4: [Li]c1ccccc1 | E4: [Li]c1ccccc1 | F4: toluene | G4: 12h | H4: rt | I4: Ni(cod)2 | N4: dcype | O4: dcype | P4: c3ccc(c2ccc1ccccc1c2)cc3 | Q4: 0 | S4: Li | T4: Optimisation | U4: 1 | V4: 1.5 | W4: 0.05 | X4: 0.1 | Y4: 0 | AA4: Table 1 | AB4: Research_Article | AC4: Murahashi
A5: 3 | B5: https://doi.org/10.1002/chem.201603436 | C5: COc1ccc2ccccc2c1 | D5: [Li]c1ccccc1 | E5: [Li]c1ccccc1 | F5: toluene | G5: 12h | H5: rt | I5: Ni(cod)2 | N5: ItBu·HBF4 | O5: ItBu | P5: c3ccc(c2ccc1ccccc1c2)cc3 | Q5: 76 | S5: Li | T5: Optimisation | U5: 1 | V5: 1.5 | W5: 0.05 | X5: 0.1 | Y5: 0 | AA5: Table 1 | AB5: Research_Article | AC5: Murahashi
A6: 4 | B6: https://doi.org/10.1002/chem.201603436 | C6: COc1ccc2ccccc2c1 | D6: [Li]c1ccccc1 | E6: [Li]c1ccccc1 | F6: toluene | G6: 12h | H6: rt | I6: Ni(cod)2 | N6: ICy-HCl | O6: ICy | P6: c3ccc(c2ccc1ccccc1c2)cc3 | Q6: 66 | S6: Li | T6: Optimisation | U6: 1 | V6: 1.5 | W6: 0.05 | X6: 0.1 | Y6: 0 | AA6: Table 1 | AB6: Research_Article | AC6: Murahashi
A7: 5 | B7: https://doi.org/10.1002/chem.201603436 | C7: COc1ccc2ccccc2c1 | D7: [Li]c1ccccc1 | E7: [Li]c1ccccc1 | F7: toluene | G7: 12h | H7: rt | I7: Ni(cod)2 | N7: IPr-HCl | O7: IPr | P7: c3ccc(c2ccc1ccccc1c2)cc3 | Q7: 72 | S7: Li | T7: Optimisation | U7: 1 | V7: 1.5 | W7: 0.05 | X7: 0.1 | Y7: 0 | AA7: Table 1 | AB7: Research_Article | AC7: Murahashi
A8: 6 | B8: https://doi.org/10.1002/chem.201603436 | C8: COc1ccc2ccccc2c1 | D8: [Li]c1ccccc1 | E8: [Li]c1ccccc1 | F8: toluene | G8: 12h | H8: rt | I8: Ni(cod)2 | N8: IMes.HCl | O8: IMes | P8: c3ccc(c2ccc1ccccc1c2)cc3 | Q8: 72 | S8: Li | T8: Optimisation | U8: 1 | V8: 1.5 | W8: 0.05 | X8: 0.1 | Y8: 0 | AA8: Table 1 | AB8: Research_Article | AC8: Murahashi
A9: 7 | B9: https://doi.org/10.1002/chem.201603436 | C9: COc1ccc2ccccc2c1 | D9: [Li]c1ccccc1 | E9: [Li]c1ccccc1 | F9: toluene | G9: 12h | H9: rt | I9: Ni(cod)2 | N9: SIPr-HCl | O9: SIPr | P9: c3ccc(c2ccc1ccccc1c2)cc3 | Q9: 71 | S9: Li | T9: Optimisation | U9: 1 | V9: 1.5 | W9: 0.05 | X9: 0.1 | Y9: 0 | AA9: Table 1 | AB9: Research_Article | AC9: Murahashi
A10: 8 | B10: https://doi.org/10.1002/chem.201603436 | C10: COc1ccc2ccccc2c1 | D10: [Li]c1ccccc1 | E10: [Li]c1ccccc1 | F10: toluene | G10: 12h | H10: rt | I10: Ni(cod)2 | N10: SIMes·HCl | O10: SIMes | P10: c3ccc(c2ccc1ccccc1c2)cc3 | Q10: 86 | S10: Li | T10: Optimisation | U10: 1 | V10: 1.5 | W10: 0.05 | X10: 0.1 | Y10: 0 | AA10: Table 1 | AB10: Research_Article | AC10: Murahashi
A11: 9 | B11: https://doi.org/10.1002/chem.201603436 | C11: COc1ccc2ccccc2c1 | D11: [Li]c1ccccc1 | E11: [Li]c1ccccc1 | F11: Et2O | G11: 12h | H11: rt | I11: Ni(cod)2 | N11: SIMes·HCl | O11: SIMes | P11: c3ccc(c2ccc1ccccc1c2)cc3 | Q11: 70 | S11: Li | T11: Optimisation | U11: 1 | V11: 1.5 | W11: 0.05 | X11: 0.1 | Y11: 0 | AA11: Table 1 | AB11: Research_Article | AC11: Murahashi
A12: 10 | B12: https://doi.org/10.1002/chem.201603436 | C12: COc1ccc2ccccc2c1 | D12: [Li]c1ccccc1 | E12: [Li]c1ccccc1 | F12: THF | G12: 12h | H12: rt | I12: Ni(cod)2 | N12: SIMes·HCl | O12: SIMes | P12: c3ccc(c2ccc1ccccc1c2)cc3 | Q12: 6 | S12: Li | T12: Optimisation | U12: 1 | V12: 1.5 | W12: 0.05 | X12: 0.1 | Y12: 0 | AA12: Table 1 | AB12: Research_Article | AC12: Murahashi
A13: 11 | B13: https://doi.org/10.1002/chem.201603436 | C13: COc1ccc2ccccc2c1 | D13: [Li]c1ccccc1 | E13: [Li]c1ccccc1 | F13: toluene | G13: 12h | H13: rt | I13: Ni(cod)2 | N13: SIMes·HCl | O13: SIMes | P13: c3ccc(c2ccc1ccccc1c2)cc3 | Q13: 69 | S13: Li | T13: Optimisation | U13: 1 | V13: 1.5 | W13: 0.02 | X13: 0.04 | Y13: 0 | AA13: Table 2 | AB13: Research_Article | AC13: Murahashi
A14: 12 | B14: https://doi.org/10.1002/chem.201603436 | C14: COc1ccc2ccccc2c1 | D14: [Li]c1ccccc1 | E14: [Li]c1ccccc1 | F14: toluene | G14: 12h | H14: rt | I14: Ni(cod)2 | N14: SIMes·HCl | O14: SIMes | P14: c3ccc(c2ccc1ccccc1c2)cc3 | Q14: 86 | S14: Li | T14: Optimisation | U14: 1 | V14: 1.5 | W14: 0.05 | X14: 0.01 | Y14: 0 | AA14: Table 2 | AB14: Research_Article | AC14: Murahashi
... A18: 16 | B18: https://doi.org/10.1002/chem.201603436 | C18: COc1ccc2ccccc2c1 | D18: [Li]c1ccccc1 | E18: [Li]c1ccccc1 | F18: toluene | G18: 12h | H18: rt | I18: Ni(cod)2 | N18: SIMes·HCl | O18: SIMes | P18: c3ccc(c2ccc1ccccc1c2)cc3 | Q18: 93 | S18: Li | T18: Optimisation | U18: 1 | V18: 1.5 | W18: 0.1 | X18: 0.2 | Y18: 0 | AA18: Table 2 | AB18: Research_Article | AC18: Murahashi
A19: 17 | B19: https://doi.org/10.1002/chem.201603436 | C19: COc1ccc2ccccc2c1 | D19: [Li]c1ccccc1 | E19: [Li]c1ccccc1 | F19: toluene | G19: 12h | H19: rt | I19: Ni(cod)2 | N19: SIMes·HCl | O19: SIMes | P19: c3ccc(c2ccc1ccccc1c2)cc3 | R19: 92 | S19: Li | T19: Scope | U19: 1 | V19: 1.5 | W19: 0.1 | X19: 0.1 | Y19: 0 | AA19: Scheme 1 | AB19: Research_Article | AC19: Murahashi
A20: 18 | B20: https://doi.org/10.1002/chem.201603436 | C20: COc1ccc2ccccc2c1 | D20: Cc1ccccc1[Li] | E20: Cc1ccccc1[Li] | F20: toluene | G20: 12h | H20: rt | I20: Ni(cod)2 | N20: SIMes·HCl | O20: SIMes | P20: Cc1ccccc1c3ccc2ccccc2c3 | R20: 94 | S20: Li | T20: Scope | U20: 1 | V20: 1.5 | W20: 0.1 | X20: 0.1 | Y20: 0 | AA20: Scheme 1 | AB20: Research_Article | AC20: Murahashi
A21: 19 | B21: https://doi.org/10.1002/chem.201603436 | C21: COc1ccc2ccccc2c1 | D21: Cc1cc(C)c([Li])c(C)c1 | E21: Cc1cc(C)c([Li])c(C)c1 | F21: toluene | G21: 12h | H21: rt | I21: Ni(cod)2 | N21: SIMes·HCl | O21: SIMes | P21: Cc3cc(C)c(c2ccc1ccccc1c2)c(C)c3 | R21: 72 | S21: Li | T21: Scope | U21: 1 | V21: 1.5 | W21: 0.1 | X21: 0.1 | Y21: 0 | AA21: Scheme 1 | AB21: Research_Article | AC21: Murahashi
A22: 20 | B22: https://doi.org/10.1002/chem.201603436 | C22: COc1ccc2ccccc2c1 | D22: CC(C)(C)c1ccc([Li])cc1 | E22: CC(C)(C)c1ccc([Li])cc1 | F22: toluene | G22: 12h | H22: 70°C | I22: Ni(cod)2 | N22: SIMes·HCl | O22: SIMes | P22: CC(C)(C)c3ccc(c2ccc1ccccc1c2)cc3 | R22: 95 | S22: Li | T22: Scope | U22: 1 | V22: 1.5 | W22: 0.1 | X22: 0.1 | Y22: 0 | AA22: Scheme 1 | AB22: Research_Article | AC22: Murahashi
A23: 21 | B23: https://doi.org/10.1002/chem.201603436 | C23: COc1ccc2ccccc2c1 | D23: COc1ccc([Li])cc1 | E23: COc1ccc([Li])cc1 | F23: toluene | G23: 12h | H23: rt | I23: Ni(cod)2 | N23: SIMes·HCl | O23: SIMes | P23: COc3ccc(c2ccc1ccccc1c2)cc3 | R23: 92 | S23: Li | T23: Scope | U23: 1 | V23: 1.5 | W23: 0.1 | X23: 0.1 | Y23: 0 | AA23: Scheme 1 | AB23: Research_Article | AC23: Murahashi
A24: 22 | B24: https://doi.org/10.1002/chem.201603436 | C24: COc1ccc2ccccc2c1 | D24: CC(C)(C)[Si](C)(C)Oc1ccc([Li])cc1 | E24: CC(C)(C)[Si](C)(C)Oc1ccc([Li])cc1 | F24: toluene | G24: 12h | H24: rt | I24: Ni(cod)2 | N24: SIMes·HCl | O24: SIMes | P24: CC(C)(C)[Si](C)(C)Oc3ccc(c2ccc1ccccc1c2)cc3 | R24: 88 | S24: Li | T24: Scope | U24: 1 | V24: 1.5 | W24: 0.1 | X24: 0.1 | Y24: 0 | AA24: Scheme 1 | AB24: Research_Article | AC24: Murahashi
A25: 23 | B25: https://doi.org/10.1002/chem.201603436 | C25: COc1ccc2ccccc2c1 | D25: COCOc1ccccc1[Li] | E25: COCOc1ccccc1[Li] | F25: toluene | G25: 12h | H25: rt | I25: Ni(cod)2 | N25: SIMes·HCl | O25: SIMes | P25: COCOc1ccccc1c3ccc2ccccc2c3 | R25: 84 | S25: Li | T25: Scope | U25: 1 | V25: 1.5 | W25: 0.1 | X25: 0.1 | Y25: 0 | AA25: Scheme 1 | AB25: Research_Article | AC25: Murahashi
A26: 24 | B26: https://doi.org/10.1002/chem.201603436 | C26: COc1ccc2ccccc2c1 | D26: CN(C)c3ccc([Li])cc3 | E26: CN(C)c3ccc([Li])cc3 | F26: toluene | G26: 12h | H26: rt | I26: Ni(cod)2 | N26: SIMes·HCl | O26: SIMes | P26: CN(C)c3ccc(c2ccc1ccccc1c2)cc3 | R26: 90 | S26: Li | T26: Scope | U26: 1 | V26: 1.5 | W26: 0.1 | X26: 0.1 | Y26: 0 | AA26: Scheme 1 | AB26: Research_Article | AC26: Murahashi
A27: 25 | B27: https://doi.org/10.1002/chem.201603436 | C27: COc1ccc2ccccc2c1 | D27: [Li]c1cccc2ccccc12 | E27: [Li]c1cccc2ccccc12 | F27: toluene | G27: 12h | H27: rt | I27: Ni(cod)2 | N27: SIMes·HCl | O27: SIMes | P27: c4ccc3cc(c1cccc2ccccc12)ccc3c4 | R27: 94 | S27: Li | T27: Scope | U27: 1 | V27: 1.5 | W27: 0.1 | X27: 0.1 | Y27: 0 | AA27: Scheme 1 | AB27: Research_Article | AC27: Murahashi
A28: 26 | B28: https://doi.org/10.1002/chem.201603436 | C28: COc1ccc2ccccc2c1 | D28: C[Si](C)(C)Oc3ccc([Li])cc3 | E28: C[Si](C)(C)Oc3ccc([Li])cc3 | F28: toluene | G28: 12h | H28: rt | I28: Ni(cod)2 | N28: SIMes·HCl | O28: SIMes | P28: C[Si](C)(C)Oc3ccc(c2ccc1ccccc1c2)cc3 | R28: 73 | S28: Li | T28: Scope | U28: 1 | V28: 1.5 | W28: 0.1 | X28: 0.1 | Y28: 0 | AA28: Scheme 1 | AB28: Research_Article | AC28: Murahashi
A29: 27 | B29: https://doi.org/10.1002/chem.201603436 | C29: COc1ccc2ccccc2c1 | D29: CC(C)(C)[Si](C)(C)Oc3cccc([Li])c3 | E29: CC(C)(C)[Si](C)(C)Oc3cccc([Li])c3 | F29: toluene | G29: 12h | H29: rt | I29: Ni(cod)2 | N29: SIMes·HCl | O29: SIMes | P29: CC(C)(C)[Si](C)(C)Oc3cccc(c2ccc1ccccc1c2)c3 | R29: 72 | S29: Li | T29: Scope | U29: 1 | V29: 1.5 | W29: 0.1 | X29: 0.1 | Y29: 0 | AA29: Scheme 1 | AB29: Research_Article | AC29: Murahashi
A30: 28 | B30: https://doi.org/10.1002/chem.201603436 | C30: COc1ccc2ccccc2c1 | D30: Cn1cccc1[Li] | E30: Cn1cccc1[Li] | F30: toluene | G30: 12h | H30: 70°C | I30: Ni(cod)2 | N30: SIMes·HCl | O30: SIMes | P30: Cn1cccc1c3ccc2ccccc2c3 | R30: 73 | S30: Li | T30: Scope | U30: 1 | V30: 1.5 | W30: 0.1 | X30: 0.1 | Y30: 0 | AA30: Scheme 1 | AB30: Research_Article | AC30: Murahashi
... A39: 37 | B39: https://doi.org/10.1002/chem.201603436 | C39: COc3ccc2cc(N1CCCCC1)ccc2c3 | D39: [Li]c1ccccc1 | E39: [Li]c1ccccc1 | F39: toluene | G39: 12h | H39: rt | I39: Ni(cod)2 | N39: SIMes | O39: SIMes | P39: c4ccc(c3ccc2cc(N1CCCCC1)ccc2c3)cc4 | R39: 72 | S39: Li | T39: Scope | U39: 1 | V39: 1.5 | W39: 0.1 | X39: 0.1 | Y39: 0 | AA39: Scheme 3 | AB39: Research_Article | AC39: Murahashi
A40: 38 | B40: https://doi.org/10.1002/chem.201603436 | C40: Oc2ccc1ccc(OC)cc1c2 | D40: [Li]c1ccccc1 | E40: [Li]c1ccccc1 | F40: toluene | G40: 12h | H40: rt | I40: Ni(cod)2 | J40: C[Li] | K40: C[Li] | N40: SIMes | O40: SIMes | P40: Oc3ccc2ccc(c1ccccc1)cc2c3 | R40: 89 | S40: Li | T40: Scope | U40: 1 | V40: 1.5 | W40: 0.1 | X40: 0.1 | Y40: 1 | AA40: Scheme 3 | AB40: Research_Article | AC40: Murahashi
A41: 39 | B41: https://doi.org/10.1002/chem.201603436 | C41: c2ccc1cccc(OC)c1c2 | D41: COc1ccc([Li])cc1 | E41: COc1ccc([Li])cc1 | F41: toluene | G41: 12h | H41: 50°C | I41: Ni(cod)2 | N41: SIMes | O41: SIMes | P41: COc3ccc(c1cccc2ccccc12)cc3 | R41: 90 | S41: Li | T41: Scope | U41: 1 | V41: 1.5 | W41: 0.1 | X41: 0.1 | Y41: 0 | AA41: Scheme 3 | AB41: Research_Article | AC41: Murahashi
A42: 40 | B42: https://doi.org/10.1002/chem.201603436 | C42: COc2ccc1ccc(OC)cc1c2 | D42: Cc1ccccc1[Li] | E42: Cc1ccccc1[Li] | F42: toluene | G42: 12h | H42: rt | I42: Ni(cod)2 | N42: SIMes | O42: SIMes | P42: Cc1ccccc1c4ccc3ccc(c2c(C)cccc2)cc3c4 | R42: 85 | S42: Li | T42: Scope | U42: 1 | V42: 1.5 | W42: 0.1 | X42: 0.1 | Y42: 0 | Z42: Yes | AA42: Scheme 3 | AB42: Research_Article | AC42: Murahashi
A43: 41 | B43: https://doi.org/10.1002/chem.201603436 | C43: COc1ccc(C)cc1 | D43: CN(C)c3ccc([Li])cc3 | E43: CN(C)c3ccc([Li])cc3 | F43: toluene | G43: 12h | H43: 90°C | I43: Ni(cod)2 | N43: SIMes | O43: SIMes | P43: Cc2ccc(c1ccc(N(C)C)cc1)cc2 | R43: 30 | S43: Li | T43: Scope | U43: 1 | V43: 1.5 | W43: 0.1 | X43: 0.1 | Y43: 0 | AA43: Scheme 3 | AB43: Research_Article | AC43: Murahashi
A44: 42 | B44: https://doi.org/10.1002/chem.201603436 | C44: COc1ccc([C@@H](C)N(C)C)cc1 | D44: Cc1ccccc1[Li] | E44: Cc1ccccc1[Li] | F44: toluene | G44: 12h | H44: 70°C | I44: Ni(cod)2 | N44: SIMes | O44: SIMes | P44: Cc1ccccc1c2ccc([C@@H](C)N(C)C)cc2 | R44: 86 | S44: Li | T44: Scope | U44: 1 | V44: 1.5 | W44: 0.1 | X44: 0.1 | Y44: 0 | AA44: Scheme 3 | AB44: Research_Article | AC44: Murahashi
A45: 43 | B45: https://doi.org/10.1002/chem.201603436 | C45: COc1ccc([C@H](C)N(C)C)cc1 | D45: Cc1ccccc1[Li] | E45: Cc1ccccc1[Li] | F45: toluene | G45: 12h | H45: 70°C | I45: Ni(cod)2 | N45: SIMes | O45: SIMes | P45: Cc1ccccc1c2ccc([C@H](C)N(C)C)cc2 | R45: 88 | S45: Li | T45: Scope | U45: 1 | V45: 1.5 | W45: 0.1 | X45: 0.1 | Y45: 0 | AA45: Scheme 3 | AB45: Research_Article | AC45: Murahashi
A46: 44 | B46: https://doi.org/10.1002/chem.201603436 | C46: COc1ccc(CO)cc1 | D46: Cc1ccccc1[Li] | E46: Cc1ccccc1[Li] | F46: toluene | G46: 12h | H46: 50°C | I46: Ni(cod)2 | J46: C[Li] | K46: C[Li] | N46: SIMes | O46: SIMes | P46: Cc1ccccc1c2ccc(CO)cc2 | R46: 85 | S46: Li | T46: Scope | U46: 1 | V46: 1.5 | W46: 0.1 | X46: 0.1 | Y46: 1 | AA46: Scheme 3 | AB46: Research_Article | AC46: Murahashi
A47: 45 | B47: https://doi.org/10.1002/chem.201603436 | C47: COc1ccc(CCO)cc1 | D47: Cc1ccccc1[Li] | E47: Cc1ccccc1[Li] | F47: toluene | G47: 12h | H47: 50°C | I47: Ni(cod)2 | J47: C[Li] | K47: C[Li] | N47: SIMes | O47: SIMes | P47: Cc1ccccc1c2ccc(CCO)cc2 | R47: 86 | S47: Li | T47: Scope | U47: 1 | V47: 1.5 | W47: 0.1 | X47: 0.1 | Y47: 1 | AA47: Scheme 3 | AB47: Research_Article | AC47: Murahashi
A48: 46 | B48: https://doi.org/10.1002/chem.201603436 | C48: COc2ccc1ncccc1c2 | D48: CN(C)c1ccc([Li])cc1 | E48: CN(C)c1ccc([Li])cc1 | F48: toluene | G48: 12h | H48: 50°C | I48: Ni(cod)2 | N48: SIMes | O48: SIMes | P48: CN(C)c3ccc(c2ccc1ncccc1c2)cc3 | R48: 51 | S48: Li | T48: Scope | U48: 1 | V48: 1.5 | W48: 0.1 | X48: 0.1 | Y48: 0 | AA48: Scheme 3 | AB48: Research_Article | AC48: Murahashi
A49: 47 | B49: https://doi.org/10.1002/chem.201603436 | C49: COc2ccc1c(ccn1C)c2 | D49: Cc1ccccc1[Li] | E49: Cc1ccccc1[Li] | F49: toluene | G49: 12h | H49: 90°C | I49: Ni(cod)2 | N49: SIMes | O49: SIMes | P49: Cc1ccccc1c3ccc2c(ccn2C)c3 | R49: 40 | S49: Li | T49: Scope | U49: 1 | V49: 1.5 | W49: 0.1 | X49: 0.1 | Y49: 0 | AA49: Scheme 3 | AB49: Research_Article | AC49: Murahashi
A50: 48 | B50: https://doi.org/10.1002/chem.201603436 | C50: COc1ccc3c(c1)c2ccccc2n3C | D50: Cc1ccccc1[Li] | E50: Cc1ccccc1[Li] | F50: toluene | G50: 12h | H50: 90°C | I50: Ni(cod)2 | N50: SIMes | O50: SIMes | P50: Cc1ccccc1c2ccc4c(c2)c3ccccc3n4C | R50: 41 | S50: Li | T50: Scope | U50: 1 | V50: 1.5 | W50: 0.1 | X50: 0.1 | Y50: 0 | AA50: Scheme 3 | AB50: Research_Article | AC50: Murahashi
A51: 49 | B51: https://doi.org/10.1002/chem.201603436 | C51: CCOc2ccc1ccccc1c2 | D51: [Li]c1ccccc1 | E51: [Li]c1ccccc1 | F51: toluene | G51: 12h | H51: rt | I51: Ni(cod)2 | N51: SIMes | O51: SIMes | P51: c3ccc(c2ccc1ccccc1c2)cc3 | Q51: 78 | S51: Li | T51: Scope | U51: 1 | V51: 1.5 | W51: 0.1 | X51: 0.1 | Y51: 0 | AA51: Scheme 4 | AB51: Research_Article | AC51: Murahashi
A52: 50 | B52: https://doi.org/10.1002/chem.201603436 | C52: CC(C)Oc2ccc1ccccc1c2 | D52: [Li]c1ccccc1 | E52: [Li]c1ccccc1 | F52: toluene | G52: 12h | H52: rt | I52: Ni(cod)2 | N52: SIMes | O52: SIMes | P52: c3ccc(c2ccc1ccccc1c2)cc3 | Q52: 77 | S52: Li | T52: Scope | U52: 1 | V52: 1.5 | W52: 0.1 | X52: 0.1 | Y52: 0 | AA52: Scheme 4 | AB52: Research_Article | AC52: Murahashi
A53: 51 | B53: https://doi.org/10.1002/chem.201603436 | C53: C[Si](C)(C)Oc2ccc1ccccc1c2 | D53: [Li]c1ccccc1 | E53: [Li]c1ccccc1 | F53: toluene | G53: 12h | H53: rt | I53: Ni(cod)2 | N53: SIMes | O53: SIMes | P53: c3ccc(c2ccc1ccccc1c2)cc3 | Q53: 0 | S53: Li | T53: Scope | U53: 1 | V53: 1.5 | W53: 0.1 | X53: 0.1 | Y53: 0 | AA53: Scheme 4 | AB53: Research_Article | AC53: Murahashi
A54: 52 | B54: https://doi.org/10.1002/chem.201603436 | C54: CC(C)(C)[Si](C)(C)Oc2ccc1ccccc1c2 | D54: [Li]c1ccccc1 | E54: [Li]c1ccccc1 | F54: toluene | G54: 12h | H54: rt | I54: Ni(cod)2 | N54: SIMes | O54: SIMes | P54: c3ccc(c2ccc1ccccc1c2)cc3 | Q54: 71 | S54: Li | T54: Scope | U54: 1 | V54: 1.5 | W54: 0.1 | X54: 0.1 | Y54: 0 | AA54: Scheme 4 | AB54: Research_Article | AC54: Murahashi
A55: 53 | B55: https://doi.org/10.1002/chem.201603436 | C55: C[Si](C)(C)Oc2ccc1ccccc1c2 | D55: C[Zn](C)(C)([Li])([Li])c1ccccc1 | E55: C[Zn](C)(C)([Li])([Li])c1ccccc1 | F55: toluene | G55: 12h | H55: rt | I55: Ni(cod)2 | N55: SIMes·HCl | O55: SIMes | P55: c3ccc(c2ccc1ccccc1c2)cc3 | R55: 60 | S55: Zn | T55: Optimisation | U55: 1 | V55: 3 | W55: 0.05 | X55: 0.1 | Y55: 0 | AA55: Scheme 5 | AB55: Research_Article | AC55: Negishi
A56: 54 | B56: https://doi.org/10.1002/chem.201603436 | C56: C[Si](C)(C)Oc2ccc1ccccc1c2 | D56: C[Zn](C)(C)([Li])([Li])c1ccccc1 | E56: C[Zn](C)(C)([Li])([Li])c1ccccc1 | F56: toluene | G56: 12h | H56: rt | I56: Ni(cod)2 | N56: PCy3 | O56: PCy3 | P56: c3ccc(c2ccc1ccccc1c2)cc3 | R56: 64 | S56: Zn | T56: Optimisation | U56: 1 | V56: 3 | W56: 0.05 | X56: 0.1 | Y56: 0 | AA56: Scheme 5 | AB56: Research_Article | AC56: Negishi
A57: 55 | B57: https://doi.org/10.1002/chem.201603436 | C57: CC[Si](C)(C)Oc2ccc1ccccc1c2 | D57: C[Zn](C)(C)([Li])([Li])c1ccccc1 | E57: C[Zn](C)(C)([Li])([Li])c1ccccc1 | F57: toluene | G57: 12h | H57: rt | I57: Ni(cod)2 | N57: PCy3 | O57: PCy3 | P57: c3ccc(c2ccc1ccccc1c2)cc3 | R57: 51 | S57: Zn | T57: Scope | U57: 1 | V57: 3 | W57: 0.05 | X57: 0.1 | Y57: 0 | AA57: Scheme S1 | AB57: Research_Article | AC57: Negishi
A58: 56 | B58: https://doi.org/10.1002/chem.201603436 | C58: CC(C)[Si](C)(C)Oc2ccc1ccccc1c2 | D58: C[Zn](C)(C)([Li])([Li])c1ccccc1 | E58: C[Zn](C)(C)([Li])([Li])c1ccccc1 | F58: toluene | G58: 12h | H58: rt | I58: Ni(cod)2 | N58: PCy3 | O58: PCy3 | P58: c3ccc(c2ccc1ccccc1c2)cc3 | R58: 53 | S58: Zn | T58: Scope | U58: 1 | V58: 3 | W58: 0.05 | X58: 0.1 | Y58: 0 | AA58: Scheme S1 | AB58: Research_Article | AC58: Negishi
A59: 57 | B59: https://doi.org/10.1002/chem.201603436 | C59: CC(C)(C)[Si](C)(C)Oc2ccc1ccccc1c2 | D59: C[Zn](C)(C)([Li])([Li])c1ccccc1 | E59: C[Zn](C)(C)([Li])([Li])c1ccccc1 | F59: toluene | G59: 12h | H59: 50°C | I59: Ni(cod)2 | N59: PCy3 | O59: PCy3 | P59: c3ccc(c2ccc1ccccc1c2)cc3 | R59: 65 | S59: Zn | T59: Scope | U59: 1 | V59: 3 | W59: 0.05 | X59: 0.1 | Y59: 0 | AA59: Scheme S1 | AB59: Research_Article | AC59: Negishi
A60: 58 | B60: https://doi.org/10.1002/chem.201603436 | C60: C[Si](C)(Oc2ccc1ccccc1c2)c3ccccc3 | D60: C[Zn](C)(C)([Li])([Li])c1ccccc1 | E60: C[Zn](C)(C)([Li])([Li])c1ccccc1 | F60: toluene | G60: 12h | H60: rt | I60: Ni(cod)2 | N60: PCy3 | O60: PCy3 | P60: c3ccc(c2ccc1ccccc1c2)cc3 | R60: 61 | S60: Zn | T60: Scope | U60: 1 | V60: 3 | W60: 0.05 | X60: 0.1 | Y60: 0 | AA60: Scheme S1 | AB60: Research_Article | AC60: Negishi
A61: 59 | B61: https://doi.org/10.1002/chem.201603436 | C61: CC[Si](CC)(CC)Oc2ccc1ccccc1c2 | D61: C[Zn](C)(C)([Li])([Li])c1ccccc1 | E61: C[Zn](C)(C)([Li])([Li])c1ccccc1 | F61: toluene | G61: 12h | H61: rt | I61: Ni(cod)2 | N61: PCy3 | O61: PCy3 | P61: c3ccc(c2ccc1ccccc1c2)cc3 | R61: 54 | S61: Zn | T61: Scope | U61: 1 | V61: 3 | W61: 0.05 | X61: 0.1 | Y61: 0 | AA61: Scheme S1 | AB61: Research_Article | AC61: Negishi
A62: 60 | B62: https://doi.org/10.1002/chem.201603436 | C62: C=CC[Si](C)(C)Oc2ccc1ccccc1c2 | D62: C[Zn](C)(C)([Li])([Li])c1ccccc1 | E62: C[Zn](C)(C)([Li])([Li])c1ccccc1 | F62: toluene | G62: 12h | H62: rt | I62: Ni(cod)2 | N62: PCy3 | O62: PCy3 | P62: c3ccc(c2ccc1ccccc1c2)cc3 | R62: 0 | S62: Zn | T62: Scope | U62: 1 | V62: 3 | W62: 0.05 | X62: 0.1 | Y62: 0 | AA62: Scheme S1 | AB62: Research_Article | AC62: Negishi
A63: 61 | B63: https://doi.org/10.1002/chem.201603436 | C63: C[Si](C)(C)Oc2ccc1ccccc1c2 | D63: Cc1ccccc1[Zn](C)(C)(C)([Li])[Li] | E63: Cc1ccccc1[Zn](C)(C)(C)([Li])[Li] | F63: toluene | G63: 12h | H63: rt | I63: Ni(cod)2 | N63: PCy3 | O63: PCy3 | P63: Cc1ccccc1c3ccc2ccccc2c3 | R63: 32 | S63: Zn | T63: Scope | U63: 1 | V63: 3 | W63: 0.05 | X63: 0.1 | Y63: 0 | AA63: Scheme S2 | AB63: Research_Article | AC63: Negishi
A64: 62 | B64: https://doi.org/10.1002/chem.201603436 | C64: C[Si](C)(C)Oc2ccc1ccccc1c2 | D64: Cc1cccc([Zn](C)(C)(C)([Li])[Li])c1 | E64: Cc1cccc([Zn](C)(C)(C)([Li])[Li])c1 | F64: toluene | G64: 12h | H64: rt | I64: Ni(cod)2 | N64: PCy3 | O64: PCy3 | P64: Cc3cccc(c2ccc1ccccc1c2)c3 | R64: 68 | S64: Zn | T64: Scope | U64: 1 | V64: 3 | W64: 0.05 | X64: 0.1 | Y64: 0 | AA64: Scheme S2 | AB64: Research_Article | AC64: Negishi
A65: 63 | B65: https://doi.org/10.1002/chem.201603436 | C65: C[Si](C)(C)Oc2ccc1ccccc1c2 | D65: Cc1ccc([Zn](C)(C)(C)([Li])[Li])cc1 | E65: Cc1ccc([Zn](C)(C)(C)([Li])[Li])cc1 | F65: toluene | G65: 12h | H65: rt | I65: Ni(cod)2 | N65: PCy3 | O65: PCy3 | P65: Cc3ccc(c2ccc1ccccc1c2)cc3 | R65: 67 | S65: Zn | T65: Scope | U65: 1 | V65: 3 | W65: 0.05 | X65: 0.1 | Y65: 0 | AA65: Scheme S2 | AB65: Research_Article | AC65: Negishi
A66: 64 | B66: https://doi.org/10.1002/chem.201603436 | C66: C[Si](C)(C)Oc2ccc1ccccc1c2 | D66: COc1ccc([Zn](C)(C)(C)([Li])[Li])cc1 | E66: COc1ccc([Zn](C)(C)(C)([Li])[Li])cc1 | F66: toluene | G66: 12h | H66: rt | I66: Ni(cod)2 | N66: PCy3 | O66: PCy3 | P66: COc3ccc(c2ccc1ccccc1c2)cc3 | R66: 70 | S66: Zn | T66: Scope | U66: 1 | V66: 3 | W66: 0.05 | X66: 0.1 | Y66: 0 | AA66: Scheme S2 | AB66: Research_Article | AC66: Negishi
... A69: 67 | B69: https://doi.org/10.1002/chem.201603436 | C69: C[Si](C)(C)Oc2ccc1ccccc1c2 | D69: c2ccc1ccccc1c2[Zn](C)(C)(C)([Li])([Li]) | E69: c2ccc1ccccc1c2[Zn](C)(C)(C)([Li])([Li]) | F69: toluene | G69: 12h | H69: rt | I69: Ni(cod)2 | N69: PCy3 | O69: PCy3 | P69: c4ccc3cc(c1cccc2ccccc12)ccc3c4 | R69: 66 | S69: Zn | T69: Scope | U69: 1 | V69: 3 | W69: 0.05 | X69: 0.1 | Y69: 0 | AA69: Scheme S2 | AB69: Research_Article | AC69: Negishi
A70: 68 | B70: https://doi.org/10.1021/acs.orglett.6b02656 | C70: COc2ccc1ccccc1c2 | D70: Cc1ccc(Br)cc1 | E70: Cc1ccc([Mg]Br)cc1 | F70: THF | G70: 24h | H70: 60°C | I70: Ni(cod)2 | J70: [Mg] | N70: ItBu | O70: ItBu | P70: Cc3ccc(c2ccc1ccccc1c2)cc3 | Q70: 92 | R70: 88 | S70: RMgX | T70: Optimisation | U70: 1 | V70: 1.5 | W70: 0.05 | X70: 0.2 | Y70: 0 | AA70: Table 1 | AB70: Research_Article | AC70: Kumada
A71: 69 | B71: https://doi.org/10.1021/acs.orglett.6b02656 | C71: COc2ccc1ccccc1c2 | D71: Cc1ccc(Br)cc1 | E71: Cc1ccc([Mg]Br)cc1 | F71: THF | G71: 24h | H71: 60°C | J71: [Mg] | N71: ItBu | O71: ItBu | P71: Cc3ccc(c2ccc1ccccc1c2)cc3 | Q71: 0 | R71: 0 | S71: RMgX | T71: Optimisation | U71: 1 | V71: 1.5 | W71: 0.05 | X71: 0.2 | Y71: 0 | AA71: Table 1 | AB71: Research_Article | AC71: Kumada
A72: 70 | B72: https://doi.org/10.1021/acs.orglett.6b02656 | C72: COc2ccc1ccccc1c2 | D72: Cc1ccc(Br)cc1 | E72: Cc1ccc([Mg]Br)cc1 | F72: THF | G72: 24h | H72: 60°C | I72: Ni(cod)2 | J72: [Mg] | P72: Cc3ccc(c2ccc1ccccc1c2)cc3 | Q72: 0 | R72: 0 | S72: RMgX | T72: Optimisation | U72: 1 | V72: 1.5 | W72: 0.05 | X72: 0 | Y72: 0 | AA72: Table 1 | AB72: Research_Article | AC72: Kumada
A73: 71 | B73: https://doi.org/10.1021/acs.orglett.6b02656 | C73: COc2ccc1ccccc1c2 | D73: Cc1ccc(Br)cc1 | E73: Cc1ccc(Br)cc1 | F73: THF | G73: 24h | H73: 60°C | I73: Ni(cod)2 | N73: ItBu | O73: ItBu | P73: Cc3ccc(c2ccc1ccccc1c2)cc3 | Q73: 0 | R73: 0 | S73: RMgX | T73: Optimisation | U73: 1 | V73: 1.5 | W73: 0.05 | X73: 0.2 | Y73: 0 | AA73: Table 1 | AB73: Research_Article | AC73: Kumada
A74: 72 | B74: https://doi.org/10.1021/acs.orglett.6b02656 | C74: COc2ccc1ccccc1c2 | D74: Cc1ccc(Br)cc1 | E74: Cc1ccc([Mg]Br)cc1 | F74: THF | G74: 24h | H74: 60°C | I74: Ni(cod)2 | J74: [Mg] | N74: IAd | O74: IAd | P74: Cc3ccc(c2ccc1ccccc1c2)cc3 | Q74: 65 | S74: RMgX | T74: Optimisation | U74: 1 | V74: 1.5 | W74: 0.05 | X74: 0.2 | Y74: 0 | AA74: Table 1 | AB74: Research_Article | AC74: Kumada
A75: 73 | B75: https://doi.org/10.1021/acs.orglett.6b02656 | C75: COc2ccc1ccccc1c2 | D75: Cc1ccc(Br)cc1 | E75: Cc1ccc([Mg]Br)cc1 | F75: THF | G75: 24h | H75: 60°C | I75: Ni(cod)2 | J75: [Mg] | N75: IMes | O75: IMes | P75: Cc3ccc(c2ccc1ccccc1c2)cc3 | Q75: 0 | R75: 0 | S75: RMgX | T75: Optimisation | U75: 1 | V75: 1.5 | W75: 0.05 | X75: 0.2 | Y75: 0 | AA75: Table 1 | AB75: Research_Article | AC75: Kumada
A76: 74 | B76: https://doi.org/10.1021/acs.orglett.6b02656 | C76: COc2ccc1ccccc1c2 | D76: Cc1ccc(Br)cc1 | E76: Cc1ccc([Mg]Br)cc1 | F76: THF | G76: 24h | H76: 60°C | I76: Ni(cod)2 | J76: [Mg] | N76: IPr | O76: IPr | P76: Cc3ccc(c2ccc1ccccc1c2)cc3 | Q76: 0 | R76: 0 | S76: RMgX | T76: Optimisation | U76: 1 | V76: 1.5 | W76: 0.05 | X76: 0.2 | Y76: 0 | AA76: Table 1 | AB76: Research_Article | AC76: Kumada
A77: 75 | B77: https://doi.org/10.1021/acs.orglett.6b02656 | C77: COc2ccc1ccccc1c2 | D77: Cc1ccc(Br)cc1 | E77: Cc1ccc([Mg]Br)cc1 | F77: THF | G77: 24h | H77: 60°C | I77: Ni(cod)2 | J77: [Mg] | N77: ICy | O77: ICy | P77: Cc3ccc(c2ccc1ccccc1c2)cc3 | Q77: 82 | S77: RMgX | T77: Optimisation | U77: 1 | V77: 1.5 | W77: 0.05 | X77: 0.2 | Y77: 0 | AA77: Table 1 | AB77: Research_Article | AC77: Kumada
A78: 76 | B78: https://doi.org/10.1021/acs.orglett.6b02656 | C78: COc2ccc1ccccc1c2 | D78: Cc1ccc(Br)cc1 | E78: Cc1ccc([Mg]Br)cc1 | F78: THF | G78: 24h | H78: 60°C | I78: Ni(cod)2 | J78: [Mg] | N78: SItBu | O78: SItBu | P78: Cc3ccc(c2ccc1ccccc1c2)cc3 | Q78: 87 | S78: RMgX | T78: Optimisation | U78: 1 | V78: 1.5 | W78: 0.05 | X78: 0.2 | Y78: 0 | AA78: Table 1 | AB78: Research_Article | AC78: Kumada
A79: 77 | B79: https://doi.org/10.1021/acs.orglett.6b02656 | C79: COc2ccc1ccccc1c2 | D79: Cc1ccc(Br)cc1 | E79: Cc1ccc([Zn]Br)cc1 | F79: THF | G79: 24h | H79: 60°C | I79: Ni(cod)2 | J79: [Zn] | N79: ItBu | O79: ItBu | P79: Cc3ccc(c2ccc1ccccc1c2)cc3 | Q79: 0 | R79: 0 | S79: RMgX | T79: Optimisation | U79: 1 | V79: 1.5 | W79: 0.05 | X79: 0.2 | Y79: 0 | AA79: Table 1 | AB79: Research_Article | AC79: Kumada
A80: 78 | B80: https://doi.org/10.1021/acs.orglett.6b02656 | C80: COc2ccc1ccccc1c2 | D80: Cc1ccc(Br)cc1 | E80: Cc1ccc(Br)cc1 | F80: THF | G80: 24h | H80: 60°C | I80: Ni(cod)2 | J80: [Mn] | N80: ItBu | O80: ItBu | P80: Cc3ccc(c2ccc1ccccc1c2)cc3 | Q80: 0 | R80: 0 | S80: RMgX | T80: Optimisation | U80: 1 | V80: 1.5 | W80: 0.05 | X80: 0.2 | Y80: 0 | AA80: Table 1 | AB80: Research_Article | AC80: Kumada
A81: 79 | B81: https://doi.org/10.1021/acs.orglett.6b02656 | C81: COc2ccc1ccccc1c2 | D81: Cc1ccc(Br)cc1 | E81: Cc1ccc([Mg]Br)cc1 | F81: toluene | G81: 24h | H81: 60°C | I81: Ni(cod)2 | J81: [Mg] | N81: ItBu | O81: ItBu | P81: Cc3ccc(c2ccc1ccccc1c2)cc3 | Q81: 0 | R81: 0 | S81: RMgX | T81: Optimisation | U81: 1 | V81: 1.5 | W81: 0.05 | X81: 0.2 | Y81: 0 | AA81: Table 1 | AB81: Research_Article | AC81: Kumada
A82: 80 | B82: https://doi.org/10.1021/acs.orglett.6b02656 | C82: COc2ccc1ccccc1c2 | D82: Cc1ccc(Cl)cc1 | E82: Cc1ccc([Mg]Cl)cc1 | F82: THF | G82: 24h | H82: 60°C | I82: Ni(cod)2 | J82: [Mg] | N82: ItBu | O82: ItBu | P82: Cc3ccc(c2ccc1ccccc1c2)cc3 | Q82: 92 | R82: 88 | S82: RMgX | T82: Optimisation | U82: 1 | V82: 1.5 | W82: 0.05 | X82: 0.2 | Y82: 0 | AA82: Table 1 | AB82: Research_Article | AC82: Kumada
A83: 81 | B83: https://doi.org/10.1021/acs.orglett.6b02656 | C83: COc2ccc1ccccc1c2 | D83: Cc1ccc(I)cc1 | E83: Cc1ccc([Mg]I)cc1 | F83: THF | G83: 24h | H83: 60°C | I83: Ni(cod)2 | J83: [Mg] | N83: ItBu | O83: ItBu | P83: Cc3ccc(c2ccc1ccccc1c2)cc3 | Q83: 92 | R83: 88 | S83: RMgX | T83: Optimisation | U83: 1 | V83: 1.5 | W83: 0.05 | X83: 0.2 | Y83: 0 | AA83: Table 1 | AB83: Research_Article | AC83: Kumada
A84: 82 | B84: https://doi.org/10.1021/acs.orglett.6b02656 | C84: CC(C)Oc2ccc1ccccc1c2 | D84: Cc1ccc(Br)cc1 | E84: Cc1ccc([Mg]Br)cc1 | F84: THF | G84: 24h | H84: 60°C | I84: Ni(cod)2 | J84: [Mg] | N84: ItBu | O84: ItBu | P84: Cc3ccc(c2ccc1ccccc1c2)cc3 | Q84: 98 | S84: RMgX | T84: Scope | U84: 1 | V84: 1.5 | W84: 0.05 | X84: 0.2 | Y84: 0 | AA84: Figure 1 | AB84: Research_Article | AC84: Kumada
A85: 83 | B85: https://doi.org/10.1021/acs.orglett.6b02656 | C85: CC(C)(C)C(=O)Oc2ccc1ccccc1c2 | D85: Cc1ccc(Br)cc1 | E85: Cc1ccc([Mg]Br)cc1 | F85: THF | G85: 24h | H85: 60°C | I85: Ni(cod)2 | J85: [Mg] | N85: ItBu | O85: ItBu | P85: Cc3ccc(c2ccc1ccccc1c2)cc3 | Q85: 79 | S85: RMgX | T85: Scope | U85: 1 | V85: 1.5 | W85: 0.05 | X85: 0.2 | Y85: 0 | AA85: Figure 1 | AB85: Research_Article | AC85: Kumada
A86: 84 | B86: https://doi.org/10.1021/acs.orglett.6b02656 | C86: CN(C)C(=O)Oc2ccc1ccccc1c2 | D86: Cc1ccc(Br)cc1 | E86: Cc1ccc([Mg]Br)cc1 | F86: THF | G86: 24h | H86: 60°C | I86: Ni(cod)2 | J86: [Mg] | N86: ItBu | O86: ItBu | P86: Cc3ccc(c2ccc1ccccc1c2)cc3 | Q86: 94 | S86: RMgX | T86: Scope | U86: 1 | V86: 1.5 | W86: 0.05 | X86: 0.2 | Y86: 0 | AA86: Figure 1 | AB86: Research_Article | AC86: Kumada
A87: 85 | B87: https://doi.org/10.1021/acs.orglett.6b02656 | C87: COc2ccc1ccccc1c2 | D87: c1ccc(Br)cc1 | E87: c1ccc([Mg]Br)cc1 | F87: THF | G87: 24h | H87: 60°C | I87: Ni(cod)2 | J87: [Mg] | N87: ItBu | O87: ItBu | P87: c3ccc(c2ccc1ccccc1c2)cc3 | R87: 87 | S87: RMgX | T87: Scope | U87: 1 | V87: 1.5 | W87: 0.05 | X87: 0.2 | Y87: 0 | AA87: Figure 2 | AB87: Research_Article | AC87: Kumada
A88: 86 | B88: https://doi.org/10.1021/acs.orglett.6b02656 | C88: COc2ccc1ccccc1c2 | D88: CC(C)c1ccc(Br)cc1 | E88: CC(C)c1ccc([Mg]Br)cc1 | F88: THF | G88: 24h | H88: 60°C | I88: Ni(cod)2 | J88: [Mg] | N88: ItBu | O88: ItBu | P88: C(C)(C)c3ccc(c2ccc1ccccc1c2)cc3 | R88: 95 | S88: RMgX | T88: Scope | U88: 1 | V88: 1.5 | W88: 0.05 | X88: 0.2 | Y88: 0 | AA88: Figure 2 | AB88: Research_Article | AC88: Kumada
A89: 87 | B89: https://doi.org/10.1021/acs.orglett.6b02656 | C89: COc2ccc1ccccc1c2 | D89: CC(C)(C)c1ccc(Br)cc1 | E89: CC(C)(C)c1ccc([Mg]Br)cc1 | F89: THF | G89: 24h | H89: 60°C | I89: Ni(cod)2 | J89: [Mg] | N89: ItBu | O89: ItBu | P89: C(C)(C)(C)c3ccc(c2ccc1ccccc1c2)cc3 | R89: 96 | S89: RMgX | T89: Scope | U89: 1 | V89: 1.5 | W89: 0.05 | X89: 0.2 | Y89: 0 | AA89: Figure 2 | AB89: Research_Article | AC89: Kumada
A90: 88 | B90: https://doi.org/10.1021/acs.orglett.6b02656 | C90: COc2ccc1ccccc1c2 | D90: Cc1cc(Br)ccc1 | E90: Cc1cc([Mg]Br)ccc1 | F90: THF | G90: 24h | H90: 60°C | I90: Ni(cod)2 | J90: [Mg] | N90: ItBu | O90: ItBu | P90: c3c(C)cc(c2ccc1ccccc1c2)cc3 | R90: 95 | S90: RMgX | T90: Scope | U90: 1 | V90: 1.5 | W90: 0.05 | X90: 0.2 | Y90: 0 | AA90: Figure 2 | AB90: Research_Article | AC90: Kumada
A91: 89 | B91: https://doi.org/10.1021/acs.orglett.6b02656 | C91: COc2ccc1ccccc1c2 | D91: Cc1c(Br)cccc1 | E91: Cc1c([Mg]Br)cccc1 | F91: THF | G91: 24h | H91: 60°C | I91: Ni(cod)2 | J91: [Mg] | N91: ItBu | O91: ItBu | P91: c3cc(C)c(c2ccc1ccccc1c2)cc3 | R91: 58 | S91: RMgX | T91: Scope | U91: 1 | V91: 1.5 | W91: 0.05 | X91: 0.2 | Y91: 0 | AA91: Figure 2 | AB91: Research_Article | AC91: Kumada
A92: 90 | B92: https://doi.org/10.1021/acs.orglett.6b02656 | C92: COc2ccc1ccccc1c2 | D92: COc1ccc(Br)cc1 | E92: COc1ccc([Mg]Br)cc1 | F92: THF | G92: 24h | H92: 60°C | I92: Ni(cod)2 | J92: [Mg] | N92: ItBu | O92: ItBu | P92: COc3ccc(c2ccc1ccccc1c2)cc3 | R92: 72 | S92: RMgX | T92: Scope | U92: 1 | V92: 1.5 | W92: 0.05 | X92: 0.2 | Y92: 0 | AA92: Figure 2 | AB92: Research_Article | AC92: Kumada
A93: 91 | B93: https://doi.org/10.1021/acs.orglett.6b02656 | C93: COc2ccc1ccccc1c2 | D93: CN(C)c1ccc(Br)cc1 | E93: CN(C)c1ccc([Mg]Br)cc1 | F93: THF | G93: 24h | H93: 60°C | I93: Ni(cod)2 | J93: [Mg] | N93: ItBu | O93: ItBu | P93: CN(C)c3ccc(c2ccc1ccccc1c2)cc3 | R93: 85 | S93: RMgX | T93: Scope | U93: 1 | V93: 1.5 | W93: 0.05 | X93: 0.2 | Y93: 0 | AA93: Figure 2 | AB93: Research_Article | AC93: Kumada
A94: 92 | B94: https://doi.org/10.1021/acs.orglett.6b02656 | C94: COc2ccc1ccccc1c2 | D94: c1c(C)cc(Br)cc1(C) | E94: c1c(C)cc([Mg]Br)cc1(C) | F94: THF | G94: 24h | H94: 60°C | I94: Ni(cod)2 | J94: [Mg] | N94: ItBu | O94: ItBu | P94: c3c(C)cc(c2ccc1ccccc1c2)cc3(C) | R94: 96 | S94: RMgX | T94: Scope | U94: 1 | V94: 1.5 | W94: 0.05 | X94: 0.2 | Y94: 0 | AA94: Figure 2 | AB94: Research_Article | AC94: Kumada
A95: 93 | B95: https://doi.org/10.1021/acs.orglett.6b02656 | C95: COc2ccc1ccccc1c2 | D95: c1c(OC)cc(Br)cc1(OC) | E95: c1c(OC)cc([Mg]Br)cc1(OC) | F95: THF | G95: 24h | H95: 60°C | I95: Ni(cod)2 | J95: [Mg] | N95: ItBu | O95: ItBu | P95: c3c(OC)cc(c2ccc1ccccc1c2)cc3(OC) | R95: 81 | S95: RMgX | T95: Scope | U95: 1 | V95: 1.5 | W95: 0.05 | X95: 0.2 | Y95: 0 | AA95: Figure 2 | AB95: Research_Article | AC95: Kumada
A96: 94 | B96: https://doi.org/10.1021/acs.orglett.6b02656 | C96: COc2ccc1ccccc1c2 | D96: FC(F)(F)c1ccc(Br)cc1 | E96: FC(F)(F)c1ccc([Mg]Br)cc1 | F96: THF | G96: 24h | H96: 60°C | I96: Ni(cod)2 | J96: [Mg] | N96: ItBu | O96: ItBu | P96: FC(F)(F)c3ccc(c2ccc1ccccc1c2)cc3 | R96: 0 | S96: RMgX | T96: Scope | U96: 1 | V96: 1.5 | W96: 0.05 | X96: 0.2 | Y96: 0 | AA96: Figure 2 | AB96: Research_Article | AC96: Kumada
A97: 95 | B97: https://doi.org/10.1021/acs.orglett.6b02656 | C97: COc2ccc1ccccc1c2 | D97: Cc1ccc(Br)cc1 | E97: Cc1ccc([Mg]Br)cc1 | F97: THF | G97: 24h | H97: 60°C | I97: Ni(cod)2 | J97: [Mg] | N97: ItBu | O97: ItBu | P97: Cc3ccc(c2ccc1cc(C)ccc1c2)cc3 | R97: 83 | S97: RMgX | T97: Scope | U97: 1 | V97: 1.5 | W97: 0.05 | X97: 0.2 | Y97: 0 | AA97: Figure 3 | AB97: Research_Article | AC97: Kumada
A98: 96 | B98: https://doi.org/10.1021/acs.orglett.6b02656 | C98: COc2ccc1cc(C4CC4)ccc1c2 | D98: Cc1ccc(Br)cc1 | E98: Cc1ccc([Mg]Br)cc1 | F98: THF | G98: 24h | H98: 60°C | I98: Ni(cod)2 | J98: [Mg] | N98: ItBu | O98: ItBu | P98: Cc3ccc(c2ccc1cc(C4CC4)ccc1c2)cc3 | R98: 68 | S98: RMgX | T98: Scope | U98: 1 | V98: 1.5 | W98: 0.05 | X98: 0.2 | Y98: 0 | AA98: Figure 3 | AB98: Research_Article | AC98: Kumada
... A104: 102 | B104: https://doi.org/10.1021/acs.orglett.6b02656 | C104: c2(OC)ccc1ccccc1c2(C) | D104: Cc1ccc(Br)cc1 | E104: Cc1ccc([Mg]Br)cc1 | F104: THF | G104: 24h | H104: 60°C | I104: Ni(cod)2 | J104: [Mg] | N104: ItBu | O104: ItBu | P104: Cc3ccc(c2ccc1ccccc1c2(C))cc3 | R104: 33 | S104: RMgX | T104: Scope | U104: 1 | V104: 3 | W104: 0.05 | X104: 0.2 | Y104: 0 | AA104: Figure 3 | AB104: Research_Article | AC104: Kumada
A105: 103 | B105: https://doi.org/10.1021/acs.orglett.6b02656 | C105: c2ccc1ccccc1c2(OC) | D105: Cc1ccc(Br)cc1 | E105: Cc1ccc([Mg]Br)cc1 | F105: THF | G105: 24h | H105: 60°C | I105: Ni(cod)2 | J105: [Mg] | N105: ItBu | O105: ItBu | P105: Cc2ccc1ccccc1c2(c3ccc(C)cc3) | Q105: 67 | S105: RMgX | T105: Scope | U105: 1 | V105: 1.5 | W105: 0.05 | X105: 0.2 | Y105: 0 | AA105: Figure 3 | AB105: Research_Article | AC105: Kumada
A106: 104 | B106: https://doi.org/10.1021/acs.orglett.6b02656 | C106: c2ccc1cc(OC)ccc1c2(OC) | D106: Cc1ccc(Br)cc1 | E106: Cc1ccc([Mg]Br)cc1 | F106: THF | G106: 24h | H106: 60°C | I106: Ni(cod)2 | J106: [Mg] | N106: ItBu | O106: ItBu | P106: c2ccc1cc(c3ccc(C)cc3)ccc1c2(c4ccc(C)cc4) | Q106: 64 | S106: RMgX | T106: Scope | U106: 1 | V106: 3 | W106: 0.1 | X106: 0.4 | Y106: 0 | Z106: Yes | AA106: Figure 3 | AB106: Research_Article | AC106: Kumada
A107: 105 | B107: https://doi.org/10.1021/acs.orglett.6b02656 | C107: c1ccccc1c2ccc(OC)cc2 | D107: Cc1ccc(Br)cc1 | E107: Cc1ccc([Mg]Br)cc1 | F107: THF | G107: 24h | H107: 60°C | I107: Ni(cod)2 | J107: [Mg] | N107: ItBu | O107: ItBu | P107: c1ccccc1c2ccc(c3ccc(C)cc3)cc2 | R107: 27 | S107: RMgX | T107: Scope | U107: 1 | V107: 1.5 | W107: 0.05 | X107: 0.2 | Y107: 0 | AA107: Figure 3 | AB107: Research_Article | AC107: Kumada
A108: 106 | B108: https://doi.org/10.1021/jo4005537 | C108: COc2ccc(Oc1nc(OC)nc(OC)n1)cc2 | D108: OB(O)c1ccccc1 | E108: OB(O)c1ccccc1 | F108: toluene | G108: 24h | H108: 110°C | I108: NiCl2(PCy3)2 | J108: [K+].[K+].O=C([O-])[O-] | K108: [K+].[K+].O=C([O-])[O-] | O108: PCy3 | P108: COc2ccc(c1ccccc1)cc2 | R108: 0 | S108: B | T108: Optimisation | U108: 1 | V108: 4 | W108: 0.05 | X108: 0.1 | Y108: 7 | AA108: Table 1 | AB108: Research_Article | AC108: Suzuki
A109: 107 | B109: https://doi.org/10.1021/jo4005537 | C109: COc2ccc(Oc1nc(OC)nc(OC)n1)cc2 | D109: OB(O)c1ccccc1 | E109: OB(O)c1ccccc1 | F109: toluene | G109: 24h | H109: 110°C | I109: NiCl2(PCy3)2 | J109: [Cs+].[Cs+].O=C([O-])[O-] | K109: [Cs+].[Cs+].O=C([O-])[O-] | L109: [Cs]OC(=O)O[Cs] | O109: PCy3 | P109: COc2ccc(c1ccccc1)cc2 | R109: 0 | S109: B | T109: Optimisation | U109: 1 | V109: 4 | W109: 0.05 | X109: 0.1 | Y109: 7 | AA109: Table 1 | AB109: Research_Article | AC109: Suzuki
A110: 108 | B110: https://doi.org/10.1021/jo4005537 | C110: COc2ccc(Oc1nc(OC)nc(OC)n1)cc2 | D110: OB(O)c1ccccc1 | E110: OB(O)c1ccccc1 | F110: toluene | G110: 24h | H110: 110°C | I110: NiCl2(PCy3)2 | J110: [K+].[F-] | K110: [K+].[F-] | O110: PCy3 | P110: COc2ccc(c1ccccc1)cc2 | R110: 5 | S110: B | T110: Optimisation | U110: 1 | V110: 4 | W110: 0.05 | X110: 0.1 | Y110: 7 | AA110: Table 1 | AB110: Research_Article | AC110: Suzuki
A111: 109 | B111: https://doi.org/10.1021/jo4005537 | C111: COc2ccc(Oc1nc(OC)nc(OC)n1)cc2 | D111: OB(O)c1ccccc1 | E111: OB(O)c1ccccc1 | F111: toluene | G111: 24h | H111: 110°C | I111: NiCl2(PCy3)2 | J111: [K+].[O-]C(C)(C)C | K111: [K+].[O-]C(C)(C)C | O111: PCy3 | P111: COc2ccc(c1ccccc1)cc2 | R111: 5 | S111: B | T111: Optimisation | U111: 1 | V111: 4 | W111: 0.05 | X111: 0.1 | Y111: 7 | AA111: Table 1 | AB111: Research_Article | AC111: Suzuki
A112: 110 | B112: https://doi.org/10.1021/jo4005537 | C112: COc2ccc(Oc1nc(OC)nc(OC)n1)cc2 | D112: OB(O)c1ccccc1 | E112: OB(O)c1ccccc1 | F112: toluene | G112: 24h | H112: 110°C | I112: NiCl2(PCy3)2 | J112: [K+].[K+].[K+].[O-]P(=O)([O-])[O-].O.O.O.O.O.O | K112: [K+].[K+].[K+].[O-]P(=O)([O-])[O-].O.O.O.O.O.O | O112: PCy3 | P112: COc2ccc(c1ccccc1)cc2 | R112: 0 | S112: B | T112: Optimisation | U112: 1 | V112: 4 | W112: 0.05 | X112: 0.1 | Y112: 7 | AA112: Table 1 | AB112: Research_Article | AC112: Suzuki
A113: 111 | B113: https://doi.org/10.1021/jo4005537 | C113: COc2ccc(Oc1nc(OC)nc(OC)n1)cc2 | D113: OB(O)c1ccccc1 | E113: OB(O)c1ccccc1 | F113: toluene | G113: 24h | H113: 110°C | I113: NiCl2(PCy3)2 | J113: [K+].[K+].[K+].[O-]P(=O)([O-])[O-] | K113: [K+].[K+].[K+].[O-]P(=O)([O-])[O-] | O113: PCy3 | P113: COc2ccc(c1ccccc1)cc2 | R113: 67 | S113: B | T113: Optimisation | U113: 1 | V113: 4 | W113: 0.05 | X113: 0.1 | Y113: 7 | AA113: Table 1 | AB113: Research_Article | AC113: Suzuki
A114: 112 | B114: https://doi.org/10.1021/jo4005537 | C114: COc2ccc(Oc1nc(OC)nc(OC)n1)cc2 | D114: OB(O)c1ccccc1 | E114: OB(O)c1ccccc1 | F114: dioxane | G114: 24h | H114: 110°C | I114: NiCl2(PCy3)2 | J114: [K+].[K+].[K+].[O-]P(=O)([O-])[O-] | K114: [K+].[K+].[K+].[O-]P(=O)([O-])[O-] | O114: PCy3 | P114: COc2ccc(c1ccccc1)cc2 | R114: 5 | S114: B | T114: Optimisation | U114: 1 | V114: 4 | W114: 0.05 | X114: 0.1 | Y114: 7 | AA114: Table 1 | AB114: Research_Article | AC114: Suzuki
A115: 113 | B115: https://doi.org/10.1021/jo4005537 | C115: COc2ccc(Oc1nc(OC)nc(OC)n1)cc2 | D115: OB(O)c1ccccc1 | E115: OB(O)c1ccccc1 | F115: DME | G115: 24h | H115: 80°C | I115: NiCl2(PCy3)2 | J115: [K+].[K+].[K+].[O-]P(=O)([O-])[O-] | K115: [K+].[K+].[K+].[O-]P(=O)([O-])[O-] | O115: PCy3 | P115: COc2ccc(c1ccccc1)cc2 | R115: 0 | S115: B | T115: Optimisation | U115: 1 | V115: 4 | W115: 0.05 | X115: 0.1 | Y115: 7 | AA115: Table 1 | AB115: Research_Article | AC115: Suzuki
A116: 114 | B116: https://doi.org/10.1021/jo4005537 | C116: COc2ccc(Oc1nc(OC)nc(OC)n1)cc2 | D116: OB(O)c1ccccc1 | E116: OB(O)c1ccccc1 | F116: DMA | G116: 24h | H116: 130°C | I116: NiCl2(PCy3)2 | J116: [K+].[K+].[K+].[O-]P(=O)([O-])[O-] | K116: [K+].[K+].[K+].[O-]P(=O)([O-])[O-] | O116: PCy3 | P116: COc2ccc(c1ccccc1)cc2 | R116: 0 | S116: B | T116: Optimisation | U116: 1 | V116: 4 | W116: 0.05 | X116: 0.1 | Y116: 7 | AA116: Table 1 | AB116: Research_Article | AC116: Suzuki
A117: 115 | B117: https://doi.org/10.1021/jo4005537 | C117: COc2ccc(Oc1nc(OC)nc(OC)n1)cc2 | D117: OB(O)c1ccccc1 | E117: OB(O)c1ccccc1 | F117: tBuOH | G117: 24h | H117: 110°C | I117: NiCl2(PCy3)2 | J117: [K+].[K+].[K+].[O-]P(=O)([O-])[O-] | K117: [K+].[K+].[K+].[O-]P(=O)([O-])[O-] | O117: PCy3 | P117: COc2ccc(c1ccccc1)cc2 | R117: 20 | S117: B | T117: Optimisation | U117: 1 | V117: 4 | W117: 0.05 | X117: 0.1 | Y117: 7 | AA117: Table 1 | AB117: Research_Article | AC117: Suzuki
A118: 116 | B118: https://doi.org/10.1021/jo4005537 | C118: COc2ccc(Oc1nc(OC)nc(OC)n1)cc2 | D118: OB(O)c1ccccc1 | E118: OB(O)c1ccccc1 | F118: toluene | G118: 24h | H118: 110°C | I118: NiCl2(PPh3)2 | J118: [K+].[K+].[K+].[O-]P(=O)([O-])[O-] | K118: [K+].[K+].[K+].[O-]P(=O)([O-])[O-] | O118: PPh3 | P118: COc2ccc(c1ccccc1)cc2 | R118: 47 | S118: B | T118: Optimisation | U118: 1 | V118: 4 | W118: 0.05 | X118: 0.1 | Y118: 7 | AA118: Table 1 | AB118: Research_Article | AC118: Suzuki
...
